{"cameraMode":{"drawMode":0,"name":"Shaded","section":"Shading Mode"},"sceneLighting":false,"audioPlay":false,"sceneViewState":{"m_AlwaysRefresh":false,"showFog":true,"showSkybox":false,"showFlares":true,"showImageEffects":true,"showParticleSystems":true,"showVisualEffectGraphs":true,"m_FxEnabled":true},"in2DMode":false,"pivot":{"x":0.21385395526885987,"y":1.4583323001861573,"z":0.04114183783531189},"rotation":{"x":-0.31643927097320559,"y":-0.05375232547521591,"z":0.017961813136935235,"w":-0.9469522833824158},"size":0.45398831367492678,"orthographic":true}