{"cameraMode":{"drawMode":0,"name":"Shaded","section":"Shading Mode"},"sceneLighting":false,"audioPlay":false,"sceneViewState":{"m_AlwaysRefresh":false,"showFog":true,"showSkybox":false,"showFlares":true,"showImageEffects":true,"showParticleSystems":true,"showVisualEffectGraphs":true,"m_FxEnabled":true},"in2DMode":false,"pivot":{"x":0.21385395526885987,"y":1.4583323001861573,"z":0.04114183783531189},"rotation":{"x":-0.07634937763214112,"y":0.045151304453611377,"z":-0.0034574600867927076,"w":-0.9960845708847046},"size":0.6266546845436096,"orthographic":true}