{"cameraMode":{"drawMode":0,"name":"Shaded","section":"Shading Mode"},"sceneLighting":false,"audioPlay":false,"sceneViewState":{"m_AlwaysRefresh":false,"showFog":true,"showSkybox":false,"showFlares":true,"showImageEffects":true,"showParticleSystems":true,"showVisualEffectGraphs":true,"m_FxEnabled":true},"in2DMode":false,"pivot":{"x":-0.007379889488220215,"y":0.2119290828704834,"z":-0.043822646141052249},"rotation":{"x":-0.1491834819316864,"y":-0.33087679743766787,"z":0.05305228754878044,"w":-0.9303321242332459},"size":2.876746416091919,"orthographic":true}