{"cameraMode":{"drawMode":0,"name":"Shaded","section":"Shading Mode"},"sceneLighting":false,"audioPlay":false,"sceneViewState":{"m_AlwaysRefresh":false,"showFog":true,"showSkybox":false,"showFlares":true,"showImageEffects":true,"showParticleSystems":true,"showVisualEffectGraphs":true,"m_FxEnabled":true},"in2DMode":false,"pivot":{"x":-0.00012502074241638184,"y":0.12999999523162843,"z":1.1200000047683716},"rotation":{"x":-0.2426631897687912,"y":-0.44643381237983706,"z":0.1271587759256363,"w":-0.8518853783607483},"size":0.3980674147605896,"orthographic":true}