{"cameraMode":{"drawMode":0,"name":"Shaded","section":"Shading Mode"},"sceneLighting":false,"audioPlay":false,"sceneViewState":{"m_AlwaysRefresh":false,"showFog":true,"showSkybox":false,"showFlares":true,"showImageEffects":true,"showParticleSystems":true,"showVisualEffectGraphs":true,"m_FxEnabled":true},"in2DMode":false,"pivot":{"x":-0.09135425090789795,"y":-0.05296394228935242,"z":-0.3205655515193939},"rotation":{"x":0.24562042951583863,"y":0.31157252192497256,"z":-0.08372226357460022,"w":0.9141086339950562},"size":0.8367832899093628,"orthographic":true}