{"cameraMode":{"drawMode":0,"name":"Shaded","section":"Shading Mode"},"sceneLighting":false,"audioPlay":false,"sceneViewState":{"m_AlwaysRefresh":false,"showFog":true,"showSkybox":false,"showFlares":true,"showImageEffects":true,"showParticleSystems":true,"showVisualEffectGraphs":true,"m_FxEnabled":true},"in2DMode":false,"pivot":{"x":-0.6551465392112732,"y":0.6048157215118408,"z":3.554734945297241},"rotation":{"x":0.13036732375621797,"y":-0.2492130845785141,"z":0.03352923318743706,"w":0.9592105150222778},"size":0.6160489320755005,"orthographic":true}