{"cameraMode":{"drawMode":0,"name":"Shaded","section":"Shading Mode"},"sceneLighting":true,"audioPlay":false,"sceneViewState":{"m_AlwaysRefresh":false,"showFog":true,"showSkybox":false,"showFlares":true,"showImageEffects":true,"showParticleSystems":true,"showVisualEffectGraphs":true,"m_FxEnabled":true},"in2DMode":false,"pivot":{"x":-2.299999952316284,"y":1.7999999523162842,"z":1.0800001621246338},"rotation":{"x":-0.11024059355258942,"y":0.8654740452766419,"z":-0.21717143058776856,"w":-0.4379919767379761},"size":0.8660253882408142,"orthographic":true}