{"cameraMode":{"drawMode":0,"name":"Shaded","section":"Shading Mode"},"sceneLighting":true,"audioPlay":false,"sceneViewState":{"m_AlwaysRefresh":false,"showFog":true,"showSkybox":false,"showFlares":true,"showImageEffects":true,"showParticleSystems":true,"showVisualEffectGraphs":true,"m_FxEnabled":true},"in2DMode":false,"pivot":{"x":-2.299999952316284,"y":1.7999999523162842,"z":1.0800001621246338},"rotation":{"x":-0.01968933828175068,"y":0.9317644238471985,"z":-0.050259631127119067,"w":-0.35930904746055605},"size":0.8660253882408142,"orthographic":true}