{"cameraMode":{"drawMode":0,"name":"Shaded","section":"Shading Mode"},"sceneLighting":false,"audioPlay":false,"sceneViewState":{"m_AlwaysRefresh":false,"showFog":true,"showSkybox":false,"showFlares":true,"showImageEffects":true,"showParticleSystems":true,"showVisualEffectGraphs":true,"m_FxEnabled":true},"in2DMode":false,"pivot":{"x":0.07988667488098145,"y":0.2596852779388428,"z":0.06855559349060059},"rotation":{"x":0.32114315032958987,"y":-0.5936532616615295,"z":0.2791179418563843,"w":0.6830366253852844},"size":2.671471357345581,"orthographic":true}