{"cameraMode":{"drawMode":0,"name":"Shaded","section":"Shading Mode"},"sceneLighting":false,"audioPlay":false,"sceneViewState":{"m_AlwaysRefresh":false,"showFog":true,"showSkybox":false,"showFlares":true,"showImageEffects":true,"showParticleSystems":true,"showVisualEffectGraphs":true,"m_FxEnabled":true},"in2DMode":false,"pivot":{"x":0.0021305084228515627,"y":1.7156609296798707,"z":0.004786252975463867},"rotation":{"x":-0.1708707958459854,"y":0.31855908036231997,"z":-0.05826153978705406,"w":-0.9307147860527039},"size":0.9137029051780701,"orthographic":true}