{"cameraMode":{"drawMode":0,"name":"Shaded","section":"Shading Mode"},"sceneLighting":false,"audioPlay":false,"sceneViewState":{"m_AlwaysRefresh":false,"showFog":true,"showSkybox":false,"showFlares":true,"showImageEffects":true,"showParticleSystems":true,"showVisualEffectGraphs":true,"m_FxEnabled":true},"in2DMode":false,"pivot":{"x":-0.015099644660949707,"y":0.21580040454864503,"z":-0.09044623374938965},"rotation":{"x":-0.2969454526901245,"y":-0.3611064553260803,"z":0.12248052656650543,"w":-0.8754932880401611},"size":2.78169846534729,"orthographic":true}