{"cameraMode":{"drawMode":0,"name":"Shaded","section":"Shading Mode"},"sceneLighting":false,"audioPlay":false,"sceneViewState":{"m_AlwaysRefresh":false,"showFog":true,"showSkybox":false,"showFlares":true,"showImageEffects":true,"showParticleSystems":true,"showVisualEffectGraphs":true,"m_FxEnabled":true},"in2DMode":false,"pivot":{"x":-0.5271664261817932,"y":2.9802322387695315e-8,"z":0.2381661832332611},"rotation":{"x":0.07506737112998963,"y":0.9240148067474365,"z":-0.2453983873128891,"w":0.28381797671318056},"size":0.38799187541007998,"orthographic":true}