{"cameraMode":{"drawMode":0,"name":"Shaded","section":"Shading Mode"},"sceneLighting":false,"audioPlay":false,"sceneViewState":{"m_AlwaysRefresh":false,"showFog":true,"showSkybox":false,"showFlares":true,"showImageEffects":true,"showParticleSystems":true,"showVisualEffectGraphs":true,"m_FxEnabled":true},"in2DMode":false,"pivot":{"x":0.07841306924819946,"y":0.09024637937545777,"z":-0.0024236440658569338},"rotation":{"x":-0.16509269177913667,"y":-0.0868731290102005,"z":0.014597523957490921,"w":-0.9823688864707947},"size":1.339721441268921,"orthographic":true}