{"cameraMode":{"drawMode":0,"name":"Shaded","section":"Shading Mode"},"sceneLighting":true,"audioPlay":false,"sceneViewState":{"m_AlwaysRefresh":false,"showFog":true,"showSkybox":true,"showFlares":true,"showImageEffects":true,"showParticleSystems":true,"showVisualEffectGraphs":true,"m_FxEnabled":true},"in2DMode":false,"pivot":{"x":0.2503708004951477,"y":1.720393180847168,"z":0.9373583793640137},"rotation":{"x":-0.16509269177913667,"y":-0.0868731290102005,"z":0.014597523957490921,"w":-0.9823688864707947},"size":0.9174755215644836,"orthographic":true}