{"cameraMode":{"drawMode":0,"name":"Shaded","section":"Shading Mode"},"sceneLighting":true,"audioPlay":false,"sceneViewState":{"m_AlwaysRefresh":false,"showFog":true,"showSkybox":true,"showFlares":true,"showImageEffects":true,"showParticleSystems":true,"showVisualEffectGraphs":true,"m_FxEnabled":true},"in2DMode":false,"pivot":{"x":0.8594889044761658,"y":0.027576327323913575,"z":4.655351161956787},"rotation":{"x":0.1953503042459488,"y":-0.42922914028167727,"z":0.09513023495674133,"w":0.8768270611763},"size":2.4349405765533449,"orthographic":true}