{"cameraMode":{"drawMode":0,"name":"Shaded","section":"Shading Mode"},"sceneLighting":true,"audioPlay":false,"sceneViewState":{"m_AlwaysRefresh":false,"showFog":true,"showSkybox":true,"showFlares":true,"showImageEffects":true,"showParticleSystems":true,"showVisualEffectGraphs":true,"m_FxEnabled":true},"in2DMode":false,"pivot":{"x":-2.1500000953674318,"y":1.7999999523162842,"z":1.0800000429153443},"rotation":{"x":-0.18941724300384522,"y":0.5553606748580933,"z":-0.1312275528907776,"w":-0.7991735339164734},"size":10.255178451538086,"orthographic":true}