{"cameraMode":{"drawMode":0,"name":"Shaded","section":"Shading Mode"},"sceneLighting":true,"audioPlay":false,"sceneViewState":{"m_AlwaysRefresh":false,"showFog":true,"showSkybox":true,"showFlares":true,"showImageEffects":true,"showParticleSystems":true,"showVisualEffectGraphs":true,"m_FxEnabled":true},"in2DMode":false,"pivot":{"x":-3.807546615600586,"y":2.118175506591797,"z":-2.639709949493408},"rotation":{"x":-0.19172704219818116,"y":-0.07643372565507889,"z":0.015014354139566422,"w":-0.9784537553787231},"size":2.7899835109710695,"orthographic":true}