{"cameraMode":{"drawMode":0,"name":"Shaded","section":"Shading Mode"},"sceneLighting":true,"audioPlay":false,"sceneViewState":{"m_AlwaysRefresh":false,"showFog":true,"showSkybox":true,"showFlares":true,"showImageEffects":true,"showParticleSystems":true,"showVisualEffectGraphs":true,"m_FxEnabled":true},"in2DMode":false,"pivot":{"x":0.2503708004951477,"y":1.720393180847168,"z":0.9373583793640137},"rotation":{"x":-0.17033284902572633,"y":0.6350393891334534,"z":-0.14635026454925538,"w":-0.7391279935836792},"size":0.9174755215644836,"orthographic":true}