{"cameraMode":{"drawMode":0,"name":"Shaded","section":"Shading Mode"},"sceneLighting":false,"audioPlay":false,"sceneViewState":{"m_AlwaysRefresh":false,"showFog":true,"showSkybox":false,"showFlares":true,"showImageEffects":true,"showParticleSystems":true,"showVisualEffectGraphs":true,"m_FxEnabled":true},"in2DMode":false,"pivot":{"x":-0.0001767277717590332,"y":1.855481505393982,"z":-0.0032758712768554689},"rotation":{"x":-0.31643927097320559,"y":-0.05375232547521591,"z":0.017961813136935235,"w":-0.9469522833824158},"size":1.1621556282043458,"orthographic":true}