{"cameraMode":{"drawMode":0,"name":"Shaded","section":"Shading Mode"},"sceneLighting":false,"audioPlay":false,"sceneViewState":{"m_AlwaysRefresh":false,"showFog":true,"showSkybox":false,"showFlares":true,"showImageEffects":true,"showParticleSystems":true,"showVisualEffectGraphs":true,"m_FxEnabled":true},"in2DMode":false,"pivot":{"x":0.11536461114883423,"y":0.049598515033721927,"z":-0.001998305320739746},"rotation":{"x":0.3470761179924011,"y":-0.47125479578971865,"z":0.20875616371631623,"w":0.78350430727005},"size":1.342596173286438,"orthographic":true}