{"cameraMode":{"drawMode":0,"name":"Shaded","section":"Shading Mode"},"sceneLighting":false,"audioPlay":false,"sceneViewState":{"m_AlwaysRefresh":false,"showFog":true,"showSkybox":false,"showFlares":true,"showImageEffects":true,"showParticleSystems":true,"showVisualEffectGraphs":true,"m_FxEnabled":true},"in2DMode":false,"pivot":{"x":1.073728322982788,"y":0.6838018894195557,"z":0.19006085395812989},"rotation":{"x":0.17284904420375825,"y":-0.7527464628219605,"z":0.21808645129203797,"w":0.5966038703918457},"size":6.436312198638916,"orthographic":true}