{"cameraMode":{"drawMode":0,"name":"Shaded","section":"Shading Mode"},"sceneLighting":false,"audioPlay":false,"sceneViewState":{"m_AlwaysRefresh":false,"showFog":true,"showSkybox":false,"showFlares":true,"showImageEffects":true,"showParticleSystems":true,"showVisualEffectGraphs":true,"m_FxEnabled":true},"in2DMode":false,"pivot":{"x":0.10893714427947998,"y":0.05370551347732544,"z":0.02951979637145996},"rotation":{"x":-0.16509269177913667,"y":-0.0868731290102005,"z":0.014597523957490921,"w":-0.9823688864707947},"size":1.3255506753921509,"orthographic":true}