{"cameraMode":{"drawMode":0,"name":"Shaded","section":"Shading Mode"},"sceneLighting":false,"audioPlay":false,"sceneViewState":{"m_AlwaysRefresh":false,"showFog":true,"showSkybox":false,"showFlares":true,"showImageEffects":true,"showParticleSystems":true,"showVisualEffectGraphs":true,"m_FxEnabled":true},"in2DMode":false,"pivot":{"x":-0.011756151914596558,"y":0.01988568902015686,"z":0.37914127111434939},"rotation":{"x":-0.4227706789970398,"y":0.12466663122177124,"z":-0.058845154941082,"w":-0.8956968784332275},"size":3.6406891345977785,"orthographic":true}