{"cameraMode":{"drawMode":0,"name":"Shaded","section":"Shading Mode"},"sceneLighting":false,"audioPlay":false,"sceneViewState":{"m_AlwaysRefresh":false,"showFog":true,"showSkybox":false,"showFlares":true,"showImageEffects":true,"showParticleSystems":true,"showVisualEffectGraphs":true,"m_FxEnabled":true},"in2DMode":false,"pivot":{"x":0.10613244771957398,"y":0.08758211135864258,"z":-0.050964176654815677},"rotation":{"x":0.3470761179924011,"y":-0.47125479578971865,"z":0.20875616371631623,"w":0.78350430727005},"size":1.3135420083999634,"orthographic":true}