{"cameraMode":{"drawMode":0,"name":"Shaded","section":"Shading Mode"},"sceneLighting":false,"audioPlay":false,"sceneViewState":{"m_AlwaysRefresh":false,"showFog":true,"showSkybox":false,"showFlares":true,"showImageEffects":true,"showParticleSystems":true,"showVisualEffectGraphs":true,"m_FxEnabled":true},"in2DMode":false,"pivot":{"x":0.03306174278259277,"y":0.2797539234161377,"z":0.09283292293548584},"rotation":{"x":-0.1491834819316864,"y":-0.33087679743766787,"z":0.05305228754878044,"w":-0.9303321242332459},"size":2.8420512676239015,"orthographic":true}