{"cameraMode":{"drawMode":0,"name":"Shaded","section":"Shading Mode"},"sceneLighting":false,"audioPlay":false,"sceneViewState":{"m_AlwaysRefresh":false,"showFog":true,"showSkybox":false,"showFlares":true,"showImageEffects":true,"showParticleSystems":true,"showVisualEffectGraphs":true,"m_FxEnabled":true},"in2DMode":false,"pivot":{"x":-0.6551465392112732,"y":0.6048157215118408,"z":3.5559849739074709},"rotation":{"x":-0.10604582726955414,"y":-0.3236672878265381,"z":0.036889150738716128,"w":-0.9396505951881409},"size":0.6949487328529358,"orthographic":true}