{"cameraMode":{"drawMode":0,"name":"Shaded","section":"Shading Mode"},"sceneLighting":false,"audioPlay":false,"sceneViewState":{"m_AlwaysRefresh":false,"showFog":true,"showSkybox":false,"showFlares":true,"showImageEffects":true,"showParticleSystems":true,"showVisualEffectGraphs":true,"m_FxEnabled":true},"in2DMode":false,"pivot":{"x":-0.6551465392112732,"y":0.6048157215118408,"z":3.554734945297241},"rotation":{"x":-0.04499005898833275,"y":0.002744644647464156,"z":0.00010118069621967152,"w":-0.9991350769996643},"size":0.4463122487068176,"orthographic":true}