{"cameraMode":{"drawMode":0,"name":"Shaded","section":"Shading Mode"},"sceneLighting":false,"audioPlay":false,"sceneViewState":{"m_AlwaysRefresh":false,"showFog":true,"showSkybox":false,"showFlares":true,"showImageEffects":true,"showParticleSystems":true,"showVisualEffectGraphs":true,"m_FxEnabled":true},"in2DMode":false,"pivot":{"x":-0.05647099018096924,"y":0.22678661346435548,"z":-0.03942978382110596},"rotation":{"x":-0.1491834819316864,"y":-0.33087679743766787,"z":0.05305228754878044,"w":-0.9303321242332459},"size":2.7245829105377199,"orthographic":true}