{"cameraMode":{"drawMode":0,"name":"Shaded","section":"Shading Mode"},"sceneLighting":false,"audioPlay":false,"sceneViewState":{"m_AlwaysRefresh":false,"showFog":true,"showSkybox":false,"showFlares":true,"showImageEffects":true,"showParticleSystems":true,"showVisualEffectGraphs":true,"m_FxEnabled":true},"in2DMode":false,"pivot":{"x":-0.00012502074241638184,"y":0.13999998569488526,"z":1.0700000524520875},"rotation":{"x":-0.37386220693588259,"y":-0.3645648658275604,"z":0.16280929744243623,"w":-0.8371863961219788},"size":0.7379259467124939,"orthographic":true}